prompt_id,intended_value,parser_status,parsed_value,correct,word_count,mean_word_conf,result_conf_field,rms_mean
1,0,SUCCESS,0,True,1,1.0,,4808.5
2,1,SUCCESS,1,True,1,1.0,,2477.7
3,5,SUCCESS,5,True,1,1.0,,2398.4
4,9,SUCCESS,9,True,1,1.0,,2602.7
5,10,REJECTED,,False,2,1.0,,1876.5
6,12,REJECTED,,False,2,1.0,,1712.6
7,15,SUCCESS,10,False,1,0.906494,,3375.1
8,19,REJECTED,,False,2,1.0,,2413.6
9,15,SUCCESS,15,True,1,1.0,,2446.9
10,50,REJECTED,,False,2,0.8079890000000001,,2374.4
11,16,SUCCESS,16,True,1,1.0,,1941.4
12,60,REJECTED,,False,2,1.0,,1749.2
13,17,SUCCESS,17,True,1,1.0,,3900.8
14,70,SUCCESS,80,False,1,1.0,,2844.9
15,18,SUCCESS,18,True,1,0.675698,,3191.7
16,80,REJECTED,,False,0,,,439.8
17,19,SUCCESS,19,True,1,1.0,,3100.5
18,90,REJECTED,,False,4,1.0,,3946.4
19,21,SUCCESS,21,True,2,1.0,,3226.8
20,25,REJECTED,,False,1,0.608667,,2502.6
21,35,REJECTED,,False,1,1.0,,2469.5
22,47,SUCCESS,37,False,2,1.0,,2546.9
23,50,SUCCESS,50,True,1,1.0,,1890.0
24,65,SUCCESS,65,True,2,0.7350365,,2317.1
25,75,REJECTED,,False,1,0.726134,,2804.5
26,80,REJECTED,,False,3,0.833418,,2805.5
27,95,REJECTED,,False,1,0.511619,,3131.5
28,100,SUCCESS,100,True,1,1.0,,2709.0
29,105,SUCCESS,105,True,3,1.0,,3297.3
30,110,SUCCESS,110,True,2,0.537342,,2432.1
31,125,REJECTED,,False,2,0.8244374999999999,,3265.3
32,150,SUCCESS,50,False,1,1.0,,2267.8
33,175,SUCCESS,175,True,3,0.82583,,2872.2
34,200,SUCCESS,200,True,2,1.0,,3385.0
35,250,SUCCESS,250,True,3,1.0,,2440.2
36,500,REJECTED,,False,1,0.775255,,2394.2
37,750,REJECTED,,False,3,1.0,,2650.3
38,999,SUCCESS,999,True,4,0.7959404999999999,,3719.8
39,1000,SUCCESS,1000,True,2,1.0,,2990.0
40,1050,SUCCESS,1050,True,3,1.0,,2663.6
41,1100,SUCCESS,1100,True,2,0.9006354999999999,,3333.5
42,1200,SUCCESS,1200,True,2,0.9367114999999999,,3036.6
43,1250,SUCCESS,115,False,2,0.651365,,3161.4
44,1500,SUCCESS,1500,True,2,1.0,,3155.4
45,1750,REJECTED,,False,3,0.8695746666666667,,3046.5
46,1900,SUCCESS,1900,True,2,1.0,,3218.1
47,1999,REJECTED,,False,4,0.8038587500000001,,3558.4
48,2000,SUCCESS,1000,False,1,1.0,,2518.5
49,47,SUCCESS,47,True,2,1.0,,2824.8
50,125,SUCCESS,125,True,3,0.9618016666666667,,1830.7
51,80,SUCCESS,80,True,1,1.0,,2241.7
52,1500,SUCCESS,1500,True,2,0.9383935,,2563.6
53,35,REJECTED,,False,1,1.0,,2311.1
54,200,SUCCESS,200,True,2,0.8887645,,2971.7
55,75,SUCCESS,75,True,2,0.511266,,2256.2
56,50,SUCCESS,50,True,1,1.0,,1879.0
57,110,REJECTED,,False,2,0.7637225000000001,,2967.5
58,175,REJECTED,,False,1,1.0,,2978.5
59,1000,SUCCESS,1000,True,1,1.0,,2331.2
60,25,SUCCESS,25,True,2,0.880582,,2472.2
61,60,SUCCESS,16,False,1,1.0,,1520.7
62,1500,SUCCESS,1500,True,2,1.0,,2551.5
