elapsed_s,rss_mb,cpu_percent,queue_depth,gui_stall_ms,events_total,decisions,errors,adds,discards,undos,loops,pace_lag_ms
5.0,181.8,29.59,0,25.0,1,0,0,0,0,0,0,1516.0
10.0,182.0,1.25,0,25.0,3,1,0,0,0,0,0,1516.0
15.0,182.0,1.25,0,25.0,5,2,0,0,0,0,0,1516.0
20.0,183.6,2.5,0,34.0,7,3,0,0,0,0,0,1516.0
25.1,183.6,2.18,0,34.0,9,4,0,0,0,0,0,1516.0
30.1,183.5,0.62,0,34.0,11,5,0,0,0,0,0,1516.0
35.1,186.2,2.18,0,34.0,13,6,0,0,0,0,0,1516.0
40.1,183.7,4.36,0,34.0,13,6,0,0,0,0,0,1516.0
45.1,183.7,1.56,0,40.0,15,7,0,0,0,0,0,1516.0
50.1,185.7,2.81,0,56.0,17,8,0,0,0,0,0,1516.0
55.1,185.7,1.87,0,56.0,19,9,0,0,0,0,0,1516.0
60.1,185.6,1.56,0,103.0,21,10,0,0,0,0,0,1516.0
65.1,188.3,1.56,0,103.0,23,11,0,0,0,0,0,1516.0
70.1,185.8,1.25,0,103.0,23,11,0,0,0,0,0,1516.0
75.1,185.7,2.81,0,103.0,25,12,0,0,0,0,0,1516.0
80.2,185.7,1.87,0,103.0,27,13,0,0,0,0,0,1516.0
85.2,185.7,0.94,0,103.0,29,14,0,0,0,0,0,1516.0
90.2,185.7,2.8,0,103.0,31,15,0,0,0,0,0,1516.0
95.2,185.6,2.5,0,103.0,35,17,0,0,0,0,0,1516.0
100.2,188.2,2.18,0,103.0,37,18,0,1,0,0,0,1516.0
105.2,185.8,0.62,0,103.0,37,18,0,1,0,0,0,1516.0
110.2,185.8,3.12,0,103.0,39,19,0,1,0,0,1,1516.0
115.2,185.7,1.25,0,103.0,41,20,0,1,0,0,1,1516.0
120.2,185.7,2.5,0,103.0,43,21,0,1,0,0,1,1516.0
125.2,185.6,3.75,0,103.0,45,22,0,1,0,0,1,1516.0
130.2,185.7,2.18,0,103.0,47,23,0,1,0,0,1,1516.0
135.2,185.6,1.87,0,103.0,49,24,0,1,0,0,1,1516.0
140.2,185.7,1.25,0,103.0,49,24,0,1,0,0,1,1516.0
145.2,185.7,1.56,0,103.0,51,25,0,1,0,0,1,1516.0
150.3,185.7,3.74,0,103.0,53,26,0,1,0,0,1,1516.0
155.3,185.6,1.88,0,103.0,55,27,0,1,0,0,1,1516.0
160.3,185.6,0.94,0,103.0,57,28,0,1,0,0,1,1516.0
165.3,188.2,0.31,0,103.0,59,29,0,1,0,0,1,1516.0
170.3,185.7,1.56,0,103.0,59,29,0,1,0,0,1,1516.0
175.3,185.7,2.19,0,103.0,61,30,0,1,0,0,1,1516.0
180.3,185.7,2.81,0,103.0,63,31,0,1,0,0,1,1516.0
185.3,185.6,1.56,0,103.0,65,32,0,1,0,0,1,1516.0
190.3,185.6,0.62,0,103.0,67,33,0,1,0,0,1,1516.0
195.3,185.6,2.5,0,103.0,69,34,0,1,0,0,1,1516.0
200.3,185.6,4.06,0,103.0,73,36,0,1,0,0,1,1516.0
205.3,185.6,1.56,0,103.0,73,36,0,2,0,0,1,1516.0
210.3,185.6,1.88,0,103.0,75,37,0,2,0,0,1,1516.0
215.3,185.6,0.93,0,103.0,77,38,0,2,0,0,2,1516.0
220.4,185.6,1.25,0,103.0,79,39,0,2,0,0,2,1516.0
225.4,185.5,1.87,0,103.0,81,40,0,2,0,0,2,1516.0
230.4,185.6,4.36,0,103.0,83,41,0,2,0,0,2,1516.0
235.4,185.5,1.88,0,103.0,85,42,0,2,0,0,2,1516.0
240.4,185.7,0.93,0,103.0,85,42,0,2,0,0,2,1516.0
245.4,185.7,1.88,0,103.0,87,43,0,2,0,0,2,1516.0
250.5,185.6,0.91,0,103.0,89,44,0,2,0,0,2,1516.0
255.6,185.6,1.87,0,103.0,91,45,0,2,0,0,2,1516.0
260.6,185.5,0.94,0,103.0,93,46,0,2,0,0,2,1516.0
265.6,185.5,2.18,0,103.0,95,47,0,2,0,0,2,1516.0
270.6,188.1,0.94,0,103.0,97,48,0,2,0,0,2,1516.0
275.6,185.6,1.25,0,103.0,97,48,0,2,0,0,2,1516.0
280.6,185.5,1.87,0,103.0,99,49,0,2,0,0,2,1516.0
285.6,185.5,3.12,0,103.0,101,50,0,2,0,0,2,1516.0
290.6,185.5,1.25,0,103.0,103,51,0,2,0,0,2,1516.0
295.7,185.4,2.45,0,119.0,105,52,0,2,0,0,2,1516.0
300.7,185.8,2.5,0,119.0,107,53,0,2,0,0,2,1516.0
305.7,185.9,6.23,0,119.0,111,55,0,2,0,0,2,1516.0
310.8,185.9,1.56,0,119.0,111,55,0,3,0,0,2,1516.0
315.8,185.9,1.88,0,119.0,113,56,0,3,0,0,2,1516.0
320.8,185.9,2.18,0,119.0,115,57,0,3,0,0,3,1516.0
325.8,185.8,3.75,0,119.0,117,58,0,3,0,0,3,1516.0
330.8,185.8,2.8,0,119.0,119,59,0,3,0,0,3,1516.0
335.8,185.8,3.44,0,119.0,121,60,0,3,0,0,3,1516.0
340.8,185.8,1.56,0,119.0,123,61,0,3,0,0,3,1516.0
345.8,185.9,2.19,0,119.0,123,61,0,3,0,0,3,1516.0
350.8,185.9,0.93,0,119.0,125,62,0,3,0,0,3,1516.0
355.8,185.9,2.5,0,119.0,127,63,0,3,0,0,3,1516.0
360.8,186.0,2.18,0,119.0,129,64,0,3,0,0,3,1516.0
365.8,185.9,0.94,0,119.0,131,65,0,3,0,0,3,1516.0
370.8,188.6,1.25,0,119.0,133,66,0,3,0,0,3,1516.0
375.8,186.1,2.18,0,119.0,133,66,0,3,0,0,3,1516.0
380.8,186.0,1.25,0,119.0,135,67,0,3,0,0,3,1516.0
385.8,186.0,4.06,0,119.0,137,68,0,3,0,0,3,1516.0
390.9,186.0,0.62,0,119.0,139,69,0,3,0,0,3,1516.0
395.9,185.9,1.88,0,119.0,141,70,0,3,0,0,3,1516.0
400.9,185.9,3.43,0,119.0,143,71,0,3,0,0,3,1516.0
405.9,185.9,3.44,0,119.0,145,72,0,3,0,0,3,1516.0
410.9,186.0,1.25,0,119.0,147,73,0,3,0,0,3,1516.0
415.9,186.0,3.43,0,119.0,149,74,0,3,1,0,3,1516.0
420.9,186.0,1.88,0,119.0,151,75,0,3,1,0,3,1516.0
425.9,186.0,1.56,0,119.0,153,76,0,3,1,0,4,1516.0
430.9,186.0,0.94,0,119.0,155,77,0,3,1,0,4,1516.0
435.9,188.6,3.74,0,119.0,157,78,0,3,1,0,4,1516.0
441.0,186.1,3.12,0,119.0,159,79,0,3,1,0,4,1516.0
446.0,188.5,1.87,0,119.0,161,80,0,3,1,0,4,1516.0
451.0,186.1,2.81,0,119.0,161,80,0,3,1,0,4,1516.0
456.0,186.1,2.19,0,119.0,163,81,0,3,1,0,4,1516.0
461.0,186.0,2.19,0,119.0,165,82,0,3,1,0,4,1516.0
466.0,186.0,1.25,0,119.0,167,83,0,3,1,0,4,1516.0
471.0,185.8,0.62,0,119.0,169,84,0,3,1,0,4,1516.0
476.0,188.5,2.81,0,119.0,171,85,0,3,1,0,4,1516.0
481.0,186.0,1.87,0,119.0,171,85,0,3,1,0,4,1516.0
486.0,186.0,2.19,0,119.0,173,86,0,3,1,0,4,1516.0
491.0,185.9,2.49,0,119.0,175,87,0,3,1,0,4,1516.0
496.0,185.9,1.25,0,119.0,177,88,0,3,1,0,4,1516.0
501.1,185.9,0.62,0,119.0,179,89,0,3,1,0,4,1516.0
506.1,185.8,3.43,0,119.0,181,90,0,3,1,0,4,1516.0
511.1,185.8,4.38,0,119.0,183,91,0,3,1,0,4,1516.0
516.1,185.9,2.49,0,119.0,185,92,0,3,1,0,4,1516.0
521.1,185.9,2.5,0,119.0,187,93,0,4,1,0,4,1516.0
526.1,185.9,0.94,0,119.0,189,94,0,4,1,0,4,1516.0
531.1,185.9,2.49,0,119.0,191,95,0,4,1,0,5,1516.0
536.1,185.9,2.18,0,119.0,193,96,0,4,1,0,5,1516.0
541.1,186.0,0.62,0,119.0,193,96,0,4,1,0,5,1516.0
546.1,186.0,2.19,0,119.0,197,98,0,4,1,0,5,1516.0
551.1,186.0,1.87,0,119.0,197,98,0,4,1,0,5,1516.0
556.2,185.9,2.8,0,119.0,199,99,0,4,1,0,5,1516.0
561.2,186.0,1.25,0,119.0,201,100,0,4,1,0,5,1516.0
566.2,185.9,0.93,0,119.0,203,101,0,4,1,0,5,1516.0
571.2,185.9,2.5,0,119.0,205,102,0,4,1,0,5,1516.0
576.2,188.5,1.88,0,119.0,207,103,0,4,1,0,5,1516.0
581.2,186.0,3.12,0,119.0,207,103,0,4,1,0,5,1516.0
586.2,186.0,2.8,0,119.0,209,104,0,4,1,0,5,1516.0
591.2,185.9,1.56,0,119.0,211,105,0,4,1,0,5,1516.0
596.2,185.9,2.8,0,119.0,213,106,0,4,1,0,5,1516.0
601.2,186.0,2.5,0,119.0,215,107,0,4,1,0,5,1516.0
606.2,186.0,0.93,0,119.0,217,108,0,4,1,0,5,1516.0
611.2,186.2,1.25,0,119.0,217,108,0,4,1,0,5,1516.0
616.3,186.0,2.49,0,119.0,221,110,0,4,1,0,5,1516.0
621.3,186.0,2.81,0,119.0,223,111,0,4,1,0,5,1516.0
626.3,186.0,3.43,0,119.0,225,112,0,5,1,0,5,1516.0
631.3,186.1,2.19,0,119.0,227,113,0,5,1,0,5,1516.0
636.3,186.0,1.88,0,119.0,229,114,0,5,1,0,5,1516.0
641.3,186.0,0.93,0,119.0,231,115,0,5,1,0,6,1516.0
646.3,186.2,1.25,0,119.0,231,115,0,5,1,0,6,1516.0
651.3,186.2,2.8,0,119.0,233,116,0,5,1,0,6,1516.0
656.3,186.1,6.56,0,119.0,235,117,0,5,1,0,6,1516.0
661.3,186.1,1.25,0,119.0,237,118,0,5,1,0,6,1516.0
666.3,186.1,2.5,0,119.0,239,119,0,5,1,0,6,1516.0
671.3,186.0,2.19,0,119.0,241,120,0,5,1,0,6,1516.0
676.3,186.0,1.25,0,119.0,243,121,0,5,1,0,6,1516.0
681.3,186.2,1.25,0,119.0,243,121,0,5,1,0,6,1516.0
686.3,186.1,0.94,0,119.0,245,122,0,5,1,0,6,1516.0
691.4,186.1,3.12,0,119.0,247,123,0,5,1,0,6,1516.0
696.4,186.1,0.62,0,119.0,249,124,0,5,1,0,6,1516.0
701.4,186.0,1.56,0,119.0,251,125,0,5,1,0,6,1516.0
706.4,186.0,1.25,0,119.0,253,126,0,5,1,0,6,1516.0
711.4,186.2,2.49,0,119.0,253,126,0,5,1,0,6,1516.0
716.4,186.1,2.5,0,119.0,255,127,0,5,1,0,6,1516.0
721.4,185.9,3.44,0,119.0,259,129,0,5,1,0,6,1516.0
726.4,186.0,0.93,0,119.0,261,130,0,5,1,0,6,1516.0
731.4,186.0,3.43,0,119.0,263,131,0,6,1,0,6,1516.0
736.5,186.0,3.12,0,119.0,265,132,0,6,1,0,6,1516.0
741.5,188.7,0.31,0,119.0,267,133,0,6,1,0,6,1516.0
746.5,186.2,0.62,0,119.0,267,133,0,6,1,0,7,1516.0
751.5,186.1,0.62,0,119.0,269,134,0,6,1,0,7,1516.0
756.5,186.1,0.31,0,119.0,271,135,0,6,1,0,7,1516.0
761.5,186.1,2.5,0,119.0,273,136,0,6,1,0,7,1516.0
766.5,186.1,0.31,0,119.0,275,137,0,6,1,0,7,1516.0
771.5,186.1,1.56,0,119.0,277,138,0,6,1,0,7,1516.0
776.5,186.0,0.31,0,119.0,279,139,0,6,1,0,7,1516.0
781.5,186.0,0.93,0,119.0,281,140,0,6,1,0,7,1516.0
786.5,186.1,1.56,0,119.0,281,140,0,6,1,0,7,1516.0
791.5,186.1,0.94,0,119.0,283,141,0,6,1,0,7,1516.0
796.5,186.1,1.25,0,119.0,285,142,0,6,1,0,7,1516.0
801.5,186.1,3.12,0,119.0,287,143,0,6,1,0,7,1516.0
806.5,185.9,1.88,0,119.0,289,144,0,6,1,0,7,1516.0
811.5,188.5,1.88,0,119.0,291,145,0,6,1,0,7,1516.0
816.5,186.1,0.31,0,119.0,291,145,0,6,1,0,7,1516.0
821.6,186.0,2.49,0,119.0,293,146,0,6,1,0,7,1516.0
826.6,185.8,1.88,0,119.0,297,148,0,6,1,0,7,1516.0
831.6,185.9,0.62,0,119.0,299,149,0,6,1,0,7,1516.0
836.6,185.9,4.36,0,119.0,301,150,0,6,2,0,7,1516.0
841.6,185.9,1.88,0,119.0,303,151,0,6,2,0,7,1516.0
846.6,188.6,2.19,0,119.0,305,152,0,6,2,0,7,1516.0
851.6,186.1,0.94,0,119.0,305,152,0,6,2,0,8,1516.0
856.6,186.0,1.25,0,119.0,307,153,0,6,2,0,8,1516.0
861.6,186.0,1.56,0,119.0,309,154,0,6,2,0,8,1516.0
866.6,185.9,2.18,0,119.0,311,155,0,6,2,0,8,1516.0
871.6,186.0,0.94,0,119.0,313,156,0,6,2,0,8,1516.0
876.6,186.0,1.56,0,119.0,315,157,0,6,2,0,8,1516.0
881.6,188.6,1.87,0,119.0,317,158,0,6,2,0,8,1516.0
886.6,186.1,0.31,0,119.0,317,158,0,6,2,0,8,1516.0
891.6,186.1,3.12,0,119.0,319,159,0,6,2,0,8,1516.0
896.7,186.0,0.31,0,119.0,321,160,0,6,2,0,8,1516.0
901.7,185.5,2.18,0,119.0,323,161,0,6,2,0,8,1516.0
906.7,185.5,1.25,0,119.0,325,162,0,6,2,0,8,1516.0
911.7,185.5,1.87,0,119.0,327,163,0,6,2,0,8,1516.0
916.7,185.7,2.19,0,119.0,327,163,0,6,2,0,8,1516.0
921.7,185.6,0.62,0,119.0,329,164,0,6,2,0,8,1516.0
926.7,185.6,2.18,0,119.0,331,165,0,6,2,0,8,1516.0
931.7,185.5,4.05,0,119.0,335,167,0,6,2,0,8,1516.0
936.7,185.5,0.94,0,119.0,335,167,0,6,2,0,8,1516.0
941.8,185.6,1.87,0,119.0,339,169,0,6,2,0,8,1516.0
946.8,188.1,0.94,0,119.0,341,170,0,7,2,0,8,1516.0
951.8,185.7,2.5,0,119.0,341,170,0,7,2,0,8,1516.0
956.8,185.6,0.0,0,119.0,343,171,0,7,2,0,9,1516.0
961.8,185.6,2.81,0,119.0,345,172,0,7,2,0,9,1516.0
966.8,185.6,0.62,0,119.0,347,173,0,7,2,0,9,1516.0
971.8,185.6,5.92,0,119.0,349,174,0,7,2,0,9,1516.0
976.8,185.6,1.25,0,119.0,351,175,0,7,2,0,9,1516.0
981.8,185.5,1.88,0,119.0,353,176,0,7,2,0,9,1516.0
986.8,188.2,1.25,0,119.0,355,177,0,7,2,0,9,1516.0
991.8,185.7,0.93,0,119.0,355,177,0,7,2,0,9,1516.0
996.8,185.6,1.87,0,119.0,357,178,0,7,2,0,9,1516.0
1001.8,185.6,0.94,0,119.0,359,179,0,7,2,0,9,1516.0
1006.8,185.5,0.62,0,119.0,361,180,0,7,2,0,9,1516.0
1011.8,185.5,1.88,0,119.0,363,181,0,7,2,0,9,1516.0
1016.9,188.1,1.25,0,119.0,365,182,0,7,2,0,9,1516.0
1021.9,185.6,0.31,0,119.0,365,182,0,7,2,0,9,1516.0
1026.9,185.6,1.25,0,119.0,367,183,0,7,2,0,9,1516.0
1031.9,185.5,1.25,0,119.0,369,184,0,7,2,0,9,1516.0
1036.9,185.5,1.56,0,119.0,371,185,0,7,2,0,9,1516.0
1041.9,185.5,1.87,0,119.0,373,186,0,7,2,0,9,1516.0
1046.9,185.4,2.18,0,119.0,377,188,0,7,2,0,9,1516.0
1051.9,188.0,0.94,0,119.0,379,189,0,8,2,0,9,1516.0
1056.9,185.6,1.25,0,119.0,379,189,0,8,2,0,9,1516.0
1061.9,185.6,1.25,0,119.0,381,190,0,8,2,0,10,1516.0
1066.9,185.5,1.25,0,119.0,383,191,0,8,2,0,10,1516.0
1071.9,185.5,0.94,0,119.0,385,192,0,8,2,0,10,1516.0
1077.0,185.5,1.87,0,119.0,387,193,0,8,2,0,10,1516.0
1082.0,185.5,3.44,0,119.0,389,194,0,8,2,0,10,1516.0
1087.0,185.5,1.56,0,119.0,391,195,0,8,2,0,10,1516.0
1092.0,185.6,0.62,0,119.0,391,195,0,8,2,0,10,1516.0
1097.0,185.6,0.62,0,119.0,393,196,0,8,2,0,10,1516.0
1102.0,185.6,2.19,0,119.0,395,197,0,8,2,0,10,1516.0
1107.0,185.5,1.25,0,119.0,397,198,0,8,2,0,10,1516.0
1112.0,185.5,1.25,0,119.0,399,199,0,8,2,0,10,1516.0
1117.0,188.1,2.18,0,119.0,401,200,0,8,2,0,10,1516.0
1122.0,185.6,2.19,0,119.0,401,200,0,8,2,0,10,1516.0
1127.0,185.6,1.25,0,119.0,403,201,0,8,2,0,10,1516.0
1132.0,185.6,2.49,0,119.0,405,202,0,8,2,0,10,1516.0
1137.0,185.5,0.93,0,119.0,407,203,0,8,2,0,10,1516.0
1142.1,185.5,1.55,0,119.0,409,204,0,8,2,0,10,1516.0
1147.1,185.5,5.0,0,135.0,411,205,0,8,2,0,10,1516.0
1152.1,189.1,4.06,0,135.0,415,207,0,8,2,0,10,1516.0
1157.1,185.5,0.94,0,135.0,415,207,0,9,2,0,10,1516.0
1162.1,185.6,2.49,0,135.0,417,208,0,9,2,0,10,1516.0
1167.1,185.6,0.94,0,135.0,419,209,0,9,2,0,11,1516.0
1172.1,185.5,3.12,0,135.0,421,210,0,9,2,0,11,1516.0
1177.1,185.5,1.25,0,135.0,423,211,0,9,2,0,11,1516.0
1182.2,185.5,4.92,0,135.0,425,212,0,9,2,0,11,1516.0
1187.2,185.5,1.56,0,135.0,427,213,0,9,2,0,11,1516.0
1192.2,185.7,0.93,0,135.0,427,213,0,9,2,0,11,1516.0
1197.2,185.6,2.81,0,135.0,429,214,0,9,2,0,11,1516.0
1202.2,185.6,1.56,0,135.0,431,215,0,9,2,0,11,1516.0
1207.2,185.6,0.93,0,135.0,433,216,0,9,2,0,11,1516.0
1212.2,185.5,0.94,0,135.0,435,217,0,9,2,0,11,1516.0
1217.2,185.5,1.88,0,135.0,437,218,0,9,2,0,11,1516.0
1222.2,188.2,2.49,2,135.0,439,219,0,9,2,0,11,1516.0
1227.3,185.6,1.25,0,135.0,439,219,0,9,2,0,11,1516.0
1232.3,185.6,0.62,0,135.0,441,220,0,9,2,0,11,1516.0
1237.3,185.6,0.62,0,135.0,443,221,0,9,2,0,11,1516.0
1242.3,185.5,1.88,0,135.0,445,222,0,9,2,0,11,1516.0
1247.3,185.5,2.49,0,135.0,447,223,0,9,2,0,11,1516.0
1252.3,185.5,2.19,0,135.0,449,224,0,9,2,0,11,1516.0
1257.3,185.5,1.25,0,135.0,451,225,0,9,2,0,11,1516.0
1262.3,185.6,2.18,0,135.0,453,226,0,9,3,0,11,1516.0
1267.3,185.6,0.62,0,135.0,455,227,0,9,3,0,11,1516.0
1272.3,185.6,2.19,0,135.0,457,228,0,9,3,0,12,1516.0
1277.3,185.5,1.25,0,135.0,459,229,0,9,3,0,12,1516.0
1282.3,185.5,1.56,0,135.0,461,230,0,9,3,0,12,1516.0
1287.3,185.5,4.67,0,135.0,463,231,0,9,3,0,12,1516.0
1292.3,185.5,1.25,0,135.0,465,232,0,9,3,0,12,1516.0
1297.3,185.7,0.94,0,135.0,465,232,0,9,3,0,12,1516.0
1302.4,185.6,1.56,0,135.0,467,233,0,9,3,0,12,1516.0
1307.4,185.6,1.87,0,135.0,469,234,0,9,3,0,12,1516.0
1312.4,185.6,2.8,0,135.0,471,235,0,9,3,0,12,1516.0
1317.4,185.5,2.18,0,135.0,473,236,0,9,3,0,12,1516.0
1322.4,188.3,0.94,0,135.0,475,237,0,9,3,0,12,1516.0
1327.4,185.8,3.12,0,135.0,475,237,0,9,3,0,12,1516.0
1332.4,185.8,3.44,0,135.0,477,238,0,9,3,0,12,1516.0
1337.4,185.8,2.5,0,135.0,479,239,0,9,3,0,12,1516.0
1342.4,185.7,1.56,0,135.0,481,240,0,9,3,0,12,1516.0
1347.5,185.7,4.36,0,135.0,483,241,0,9,3,0,12,1516.0
1352.5,188.3,1.56,0,135.0,485,242,0,9,3,0,12,1516.0
1357.5,185.6,6.25,0,135.0,487,243,0,9,3,0,12,1516.0
1362.5,185.7,1.25,0,135.0,489,244,0,9,3,0,12,1516.0
1367.5,185.7,3.12,0,135.0,491,245,0,10,3,0,12,1516.0
1372.5,185.7,1.25,0,135.0,493,246,0,10,3,0,12,1516.0
1377.5,185.7,2.5,0,135.0,495,247,0,10,3,0,13,1516.0
1382.5,185.7,0.93,0,135.0,497,248,0,10,3,0,13,1516.0
1387.5,185.3,3.43,0,135.0,499,249,0,10,3,0,13,1516.0
1392.5,185.4,4.99,0,135.0,501,250,0,10,3,0,13,1516.0
1397.5,185.4,2.5,0,135.0,501,250,0,10,3,0,13,1516.0
1402.5,185.4,0.62,0,135.0,503,251,0,10,3,0,13,1516.0
1407.6,185.3,1.56,0,135.0,505,252,0,10,3,0,13,1516.0
1412.6,185.2,1.25,0,135.0,507,253,0,10,3,0,13,1516.0
1417.6,185.2,2.81,0,135.0,509,254,0,10,3,0,13,1516.0
1422.6,185.2,1.56,0,135.0,511,255,0,10,3,0,13,1516.0
1427.6,185.3,0.94,0,135.0,511,255,0,10,3,0,13,1516.0
1432.6,185.3,1.56,0,135.0,513,256,0,10,3,0,13,1516.0
1437.6,185.3,0.93,0,135.0,515,257,0,10,3,0,13,1516.0
1442.6,185.3,1.25,0,135.0,517,258,0,10,3,0,13,1516.0
1447.6,185.2,1.56,0,135.0,519,259,0,10,3,0,13,1516.0
1452.6,185.2,0.0,0,135.0,521,260,0,10,3,0,13,1516.0
1457.6,185.3,3.12,0,135.0,521,260,0,10,3,0,13,1516.0
1462.6,185.1,3.12,0,135.0,525,262,0,10,3,0,13,1516.0
1467.6,185.2,2.81,0,135.0,527,263,0,10,3,0,13,1516.0
1472.6,185.2,2.19,0,135.0,529,264,0,11,3,0,13,1516.0
1477.7,185.3,1.87,0,135.0,531,265,0,11,3,0,13,1516.0
1482.7,185.2,2.5,0,135.0,533,266,0,11,3,0,14,1516.0
1487.7,185.2,0.93,0,135.0,535,267,0,11,3,0,14,1516.0
1492.7,185.3,1.25,0,135.0,535,267,0,11,3,0,14,1516.0
1497.7,190.4,2.81,0,135.0,539,269,0,11,3,0,14,1516.0
1502.7,185.3,1.56,0,135.0,539,269,0,11,3,0,14,1516.0
1507.7,185.3,1.56,0,135.0,541,270,0,11,3,0,14,1516.0
1512.7,185.3,0.94,0,135.0,543,271,0,11,3,0,14,1516.0
1517.7,185.2,0.31,0,135.0,545,272,0,11,3,0,14,1516.0
1522.7,185.2,1.87,0,135.0,547,273,0,11,3,0,14,1516.0
1527.7,185.2,2.81,0,135.0,549,274,0,11,3,0,14,1516.0
1532.7,185.3,1.56,0,135.0,549,274,0,11,3,0,14,1516.0
1537.7,185.3,0.93,0,135.0,551,275,0,11,3,0,14,1516.0
1542.7,185.3,1.56,0,135.0,553,276,0,11,3,0,14,1516.0
1547.7,185.2,2.5,0,135.0,555,277,0,11,3,0,14,1516.0
1552.7,185.2,2.5,0,135.0,557,278,0,11,3,0,14,1516.0
1557.8,187.9,2.8,0,135.0,559,279,0,11,3,0,14,1516.0
1562.8,185.3,0.62,0,135.0,559,279,0,11,3,0,14,1516.0
1567.8,185.1,2.18,0,135.0,563,281,0,11,3,0,14,1516.0
1572.8,185.2,2.81,0,135.0,565,282,0,11,3,0,14,1516.0
1577.8,185.2,3.43,0,135.0,567,283,0,12,3,0,14,1516.0
1582.8,185.2,2.5,0,135.0,569,284,0,12,3,0,14,1516.0
1587.8,185.2,0.31,0,135.0,571,285,0,12,3,0,14,1516.0
1592.8,187.9,1.56,0,135.0,573,286,0,12,3,0,15,1516.0
1597.8,185.3,2.5,0,135.0,573,286,0,12,3,0,15,1516.0
1602.8,185.3,0.31,0,135.0,575,287,0,12,3,0,15,1516.0
1607.8,185.3,4.67,0,135.0,577,288,0,12,3,0,15,1516.0
1612.9,185.3,0.62,0,135.0,579,289,0,12,3,0,15,1516.0
1617.9,185.3,1.88,0,135.0,581,290,0,12,3,0,15,1516.0
1622.9,185.2,0.94,0,135.0,583,291,0,12,3,0,15,1516.0
1627.9,185.2,4.36,0,135.0,585,292,0,12,3,0,15,1516.0
1632.9,185.3,1.87,0,135.0,585,292,0,12,3,0,15,1516.0
1637.9,185.3,1.88,0,135.0,587,293,0,12,3,0,15,1516.0
1642.9,185.3,3.74,0,135.0,589,294,0,12,3,0,15,1516.0
1647.9,185.3,1.25,0,135.0,591,295,0,12,3,0,15,1516.0
1653.0,185.2,0.93,0,135.0,593,296,0,12,3,0,15,1516.0
1658.0,185.2,0.94,0,135.0,595,297,0,12,3,0,15,1516.0
1663.0,185.4,2.18,0,135.0,595,297,0,12,3,0,15,1516.0
1668.0,185.3,0.62,0,135.0,597,298,0,12,3,0,15,1516.0
1673.0,185.1,1.25,0,135.0,601,300,0,12,3,0,15,1516.0
1678.0,185.2,1.25,0,135.0,603,301,0,12,3,0,15,1516.0
1683.0,185.2,3.42,0,135.0,605,302,0,12,4,0,15,1516.0
1688.0,89.2,0.62,0,135.0,607,303,0,12,4,0,15,1516.0
1693.0,91.9,1.56,0,135.0,609,304,0,12,4,0,15,1516.0
1698.0,89.3,0.62,0,135.0,609,304,0,12,4,0,16,1516.0
1703.0,89.3,1.56,0,135.0,611,305,0,12,4,0,16,1516.0
1708.0,89.3,2.18,0,135.0,613,306,0,12,4,0,16,1516.0
1713.0,89.2,2.81,0,135.0,615,307,0,12,4,0,16,1516.0
1718.1,89.2,0.62,0,135.0,617,308,0,12,4,0,16,1516.0
1723.1,89.2,1.88,0,135.0,619,309,0,12,4,0,16,1516.0
1728.1,89.2,1.25,0,135.0,621,310,0,12,4,0,16,1516.0
1733.1,91.8,4.67,0,135.0,623,311,0,12,4,0,16,1516.0
1738.1,89.3,0.94,0,135.0,623,311,0,12,4,0,16,1516.0
1743.1,89.3,1.25,0,135.0,625,312,0,12,4,0,16,1516.0
1748.1,89.3,2.5,0,135.0,627,313,0,12,4,0,16,1516.0
1753.1,89.2,0.62,0,135.0,629,314,0,12,4,0,16,1516.0
1758.1,89.2,2.5,0,135.0,631,315,0,12,4,0,16,1516.0
1763.1,91.8,0.62,0,135.0,633,316,0,12,4,0,16,1516.0
1768.1,89.3,2.81,0,135.0,633,316,0,12,4,0,16,1516.0
1773.1,89.3,0.62,0,135.0,635,317,0,12,4,0,16,1516.0
1778.2,92.3,2.8,0,135.0,639,319,0,12,4,0,16,1516.0
1783.2,89.2,1.56,0,135.0,639,319,0,12,4,0,16,1516.0
1788.2,89.2,5.3,0,135.0,643,321,0,13,4,0,16,1516.0
1793.2,89.2,3.44,0,135.0,645,322,0,13,4,0,16,1516.0
1798.2,89.4,1.25,0,135.0,645,322,0,13,4,0,16,1516.0
1803.2,89.4,1.88,0,135.0,647,323,0,13,4,0,17,1516.0
1808.2,89.4,2.5,0,135.0,649,324,0,13,4,0,17,1516.0
1813.2,89.4,0.93,0,135.0,651,325,0,13,4,0,17,1516.0
1818.2,89.3,3.74,0,135.0,653,326,0,13,4,0,17,1516.0
1823.2,89.3,2.81,0,135.0,655,327,0,13,4,0,17,1516.0
1828.2,89.3,1.56,0,135.0,657,328,0,13,4,0,17,1516.0
1833.2,91.9,1.88,0,135.0,659,329,0,13,4,0,17,1516.0
1838.2,89.4,0.93,0,135.0,659,329,0,13,4,0,17,1516.0
1843.2,89.4,2.19,0,135.0,661,330,0,13,4,0,17,1516.0
1848.3,89.4,1.87,0,135.0,663,331,0,13,4,0,17,1516.0
1853.3,89.3,0.62,0,135.0,665,332,0,13,4,0,17,1516.0
1858.3,89.3,2.19,0,135.0,667,333,0,13,4,0,17,1516.0
1863.3,89.3,1.25,0,135.0,669,334,0,13,4,0,17,1516.0
1868.3,89.4,2.49,0,135.0,669,334,0,13,4,0,17,1516.0
1873.3,89.4,1.56,0,135.0,671,335,0,13,4,0,17,1516.0
1878.3,89.3,2.81,0,135.0,673,336,0,13,4,0,17,1516.0
1883.3,92.6,2.19,0,135.0,677,338,0,13,4,0,17,1516.0
1888.3,89.2,0.94,0,135.0,677,338,0,13,4,0,17,1516.0
1893.3,89.3,3.74,0,135.0,681,340,0,13,4,0,17,1516.0
1898.3,91.8,1.25,0,135.0,683,341,0,14,4,0,17,1516.0
1903.3,89.4,1.25,0,135.0,683,341,0,14,4,0,17,1516.0
1908.3,89.3,1.87,0,135.0,685,342,0,14,4,0,18,1516.0
1913.3,89.3,4.06,0,135.0,687,343,0,14,4,0,18,1516.0
1918.3,89.3,0.94,0,135.0,689,344,0,14,4,0,18,1516.0
1923.4,89.3,6.23,0,135.0,691,345,0,14,4,0,18,1516.0
1928.4,89.3,5.31,0,135.0,693,346,0,14,4,0,18,1516.0
1933.4,89.2,2.19,0,135.0,695,347,0,14,4,0,18,1516.0
1938.4,89.4,2.8,0,135.0,695,347,0,14,4,0,18,1516.0
1943.4,89.4,1.88,0,135.0,697,348,0,14,4,0,18,1516.0
1948.4,89.3,2.49,0,135.0,699,349,0,14,4,0,18,1516.0
1953.4,89.3,2.5,0,135.0,701,350,0,14,4,0,18,1516.0
1958.4,89.3,0.93,0,135.0,703,351,0,14,4,0,18,1516.0
1963.4,89.2,2.5,0,135.0,705,352,0,14,4,0,18,1516.0
1968.4,89.4,0.31,0,135.0,705,352,0,14,4,0,18,1516.0
1973.4,89.4,2.18,0,135.0,707,353,0,14,4,0,18,1516.0
1978.4,89.4,0.62,0,135.0,709,354,0,14,4,0,18,1516.0
1983.5,89.3,2.18,0,135.0,711,355,0,14,4,0,18,1516.0
1988.5,82.5,2.8,0,135.0,713,356,0,14,4,0,18,1516.0
1993.5,82.4,3.12,0,135.0,715,357,0,14,4,0,18,1516.0
1998.5,85.2,3.12,0,135.0,719,359,0,14,4,0,18,1516.0
2003.5,82.5,1.25,0,135.0,719,359,0,15,4,0,18,1516.0
2008.5,82.6,0.0,0,135.0,721,360,0,15,4,0,18,1516.0
2013.5,82.5,1.56,0,135.0,723,361,0,15,4,0,19,1516.0
2018.5,82.5,2.49,0,135.0,725,362,0,15,4,0,19,1516.0
2023.5,82.5,0.62,0,135.0,727,363,0,15,4,0,19,1516.0
2028.5,82.5,3.74,0,135.0,729,364,0,15,4,0,19,1516.0
2033.5,82.5,1.56,0,135.0,731,365,0,15,4,0,19,1516.0
2038.5,85.1,0.31,0,135.0,733,366,0,15,4,0,19,1516.0
2043.6,82.6,0.93,0,135.0,733,366,0,15,4,0,19,1516.0
2048.6,82.6,2.81,0,135.0,735,367,0,15,4,0,19,1516.0
2053.6,82.5,2.81,0,135.0,737,368,0,15,4,0,19,1516.0
2058.6,82.5,1.25,0,135.0,739,369,0,15,4,0,19,1516.0
2063.6,82.4,1.25,0,135.0,741,370,0,15,4,0,19,1516.0
2068.6,82.4,1.88,0,135.0,743,371,0,15,4,0,19,1516.0
2073.6,82.6,2.18,0,135.0,743,371,0,15,4,0,19,1516.0
2078.6,82.6,2.19,0,135.0,745,372,0,15,4,0,19,1516.0
2083.6,82.5,3.12,0,135.0,747,373,0,15,4,0,19,1516.0
2088.6,82.5,2.19,0,135.0,749,374,0,15,4,0,19,1516.0
2093.6,82.5,2.18,0,135.0,751,375,0,15,4,0,19,1516.0
2098.6,82.4,4.06,0,135.0,753,376,0,15,4,0,19,1516.0
2103.6,85.3,4.06,0,135.0,757,378,0,15,4,0,19,1516.0
2108.7,82.6,0.62,0,135.0,757,378,0,15,5,0,19,1516.0
2113.7,82.6,0.62,0,135.0,759,379,0,15,5,0,19,1516.0
2118.7,82.6,3.44,0,135.0,761,380,0,15,5,0,20,1516.0
2123.7,82.6,2.49,0,135.0,763,381,0,15,5,0,20,1516.0
2128.7,82.5,0.31,0,135.0,765,382,0,15,5,0,20,1516.0
2133.7,82.5,6.23,0,135.0,767,383,0,15,5,0,20,1516.0
2138.7,82.5,1.88,0,135.0,769,384,0,15,5,0,20,1516.0
2143.7,82.7,1.25,0,135.0,769,384,0,15,5,0,20,1516.0
2148.8,82.6,4.67,0,135.0,771,385,0,15,5,0,20,1516.0
2153.8,82.6,1.56,0,135.0,773,386,0,15,5,0,20,1516.0
2158.8,82.6,0.94,0,135.0,775,387,0,15,5,0,20,1516.0
2163.8,82.5,1.25,0,135.0,777,388,0,15,5,0,20,1516.0
2168.8,82.5,1.87,0,135.0,779,389,0,15,5,0,20,1516.0
2173.8,82.7,0.93,0,135.0,779,389,0,15,5,0,20,1516.0
2178.8,82.7,2.49,0,135.0,781,390,0,15,5,0,20,1516.0
2183.8,82.6,0.94,0,135.0,783,391,0,15,5,0,20,1516.0
2188.8,82.6,2.18,0,135.0,785,392,0,15,5,0,20,1516.0
2193.8,82.6,0.94,0,135.0,787,393,0,15,5,0,20,1516.0
2198.9,82.5,2.18,0,135.0,789,394,0,15,5,0,20,1516.0
2203.9,82.5,4.36,0,135.0,791,395,0,15,5,0,20,1516.0
2208.9,82.6,2.19,0,135.0,793,396,0,15,5,0,20,1516.0
2213.9,82.5,3.43,0,135.0,795,397,0,16,5,0,20,1516.0
2218.9,82.6,0.94,0,135.0,797,398,0,16,5,0,20,1516.0
2223.9,82.5,0.31,0,135.0,799,399,0,16,5,0,21,1516.0
2228.9,82.5,1.25,0,135.0,801,400,0,16,5,0,21,1516.0
2233.9,82.5,0.0,0,135.0,803,401,0,16,5,0,21,1516.0
2238.9,82.5,3.12,0,135.0,805,402,0,16,5,0,21,1516.0
2243.9,85.1,0.62,0,135.0,807,403,0,16,5,0,21,1516.0
2248.9,82.6,0.94,0,135.0,807,403,0,16,5,0,21,1516.0
2253.9,82.6,1.87,0,135.0,809,404,0,16,5,0,21,1516.0
2258.9,82.5,1.88,0,135.0,811,405,0,16,5,0,21,1516.0
2264.0,82.5,0.31,0,135.0,813,406,0,16,5,0,21,1516.0
2269.0,82.5,1.25,0,135.0,815,407,0,16,5,0,21,1516.0
2274.0,85.1,0.62,0,135.0,817,408,0,16,5,0,21,1516.0
2279.0,82.6,3.12,0,135.0,817,408,0,16,5,0,21,1516.0
2284.0,82.6,2.8,0,135.0,819,409,0,16,5,0,21,1516.0
2289.0,78.5,1.56,0,135.0,821,410,0,16,5,0,21,1516.0
2294.0,78.4,0.62,0,135.0,823,411,0,16,5,0,21,1516.0
2299.0,78.4,1.56,0,135.0,825,412,0,16,5,0,21,1516.0
2304.0,78.4,2.19,0,135.0,827,413,0,16,5,0,21,1516.0
2309.0,78.4,2.18,0,135.0,829,414,0,16,5,0,21,1516.0
2314.0,78.4,0.93,0,135.0,831,415,0,16,5,0,21,1516.0
2319.0,78.4,2.19,0,135.0,833,416,0,17,5,0,21,1516.0
2324.0,78.5,1.56,0,135.0,835,417,0,17,5,0,21,1516.0
2329.0,78.6,2.8,0,135.0,837,418,0,17,5,0,22,1516.0
2334.0,78.6,2.81,0,135.0,839,419,0,17,5,0,22,1516.0
2339.1,81.2,1.25,2,135.0,841,420,0,17,5,0,22,1516.0
2344.1,78.7,3.12,0,135.0,843,421,0,17,5,0,22,1516.0
2349.1,78.7,1.87,0,135.0,843,421,0,17,5,0,22,1516.0
2354.1,78.7,1.87,0,135.0,845,422,0,17,5,0,22,1516.0
2359.1,78.7,0.62,0,135.0,847,423,0,17,5,0,22,1516.0
2364.1,78.6,2.18,0,135.0,849,424,0,17,5,0,22,1516.0
2369.1,78.6,1.56,0,135.0,851,425,0,17,5,0,22,1516.0
2374.1,78.6,1.25,0,135.0,853,426,0,17,5,0,22,1516.0
2379.1,78.7,0.94,0,135.0,853,426,0,17,5,0,22,1516.0
2384.1,78.7,2.5,0,135.0,855,427,0,17,5,0,22,1516.0
2389.1,78.6,4.05,0,135.0,857,428,0,17,5,0,22,1516.0
2394.1,78.6,2.5,0,135.0,859,429,0,17,5,0,22,1516.0
2399.1,78.6,0.62,0,135.0,861,430,0,17,5,0,22,1516.0
2404.2,81.2,0.31,0,135.0,863,431,0,17,5,0,22,1516.0
2409.2,78.7,1.25,0,135.0,863,431,0,17,5,0,22,1516.0
2414.2,78.5,2.49,0,135.0,867,433,0,17,5,0,22,1516.0
2419.2,78.6,1.25,0,135.0,869,434,0,17,5,0,22,1516.0
2424.2,78.6,1.87,0,135.0,871,435,0,18,5,0,22,1516.0
2429.2,78.6,2.5,0,135.0,873,436,0,18,5,0,22,1516.0
2434.2,78.6,2.8,0,135.0,875,437,0,18,5,0,23,1516.0
2439.2,78.6,1.25,0,135.0,877,438,0,18,5,0,23,1516.0
2444.2,78.7,0.93,0,135.0,877,438,0,18,5,0,23,1516.0
2449.2,83.2,2.81,1,135.0,880,439,0,18,5,0,23,1516.0
2454.2,78.7,1.87,0,135.0,881,440,0,18,5,0,23,1516.0
2459.3,78.7,0.62,0,135.0,883,441,0,18,5,0,23,1516.0
2464.3,78.7,0.94,0,135.0,885,442,0,18,5,0,23,1516.0
2469.3,78.6,4.05,0,135.0,887,443,0,18,5,0,23,1516.0
2474.3,78.6,3.44,0,135.0,889,444,0,18,5,0,23,1516.0
2479.3,81.2,2.8,0,135.0,891,445,0,18,5,0,23,1516.0
2484.3,78.7,1.56,0,135.0,891,445,0,18,5,0,23,1516.0
2489.3,78.6,1.56,0,135.0,893,446,0,18,5,0,23,1516.0
2494.3,78.6,3.43,0,135.0,895,447,0,18,5,0,23,1516.0
2499.3,78.6,2.49,0,135.0,897,448,0,18,5,0,23,1516.0
2504.3,78.5,0.94,0,135.0,899,449,0,18,5,0,23,1516.0
2509.3,81.2,1.56,0,135.0,901,450,0,18,5,0,23,1516.0
2514.4,78.7,0.93,0,135.0,901,450,0,18,5,0,23,1516.0
2519.4,78.5,1.25,0,135.0,905,452,0,18,5,0,23,1516.0
2524.4,78.5,1.87,0,135.0,907,453,0,18,5,0,23,1516.0
2529.4,78.5,1.88,0,135.0,909,454,0,18,6,0,23,1516.0
2534.4,78.6,2.5,0,135.0,911,455,0,18,6,0,23,1516.0
2539.4,78.6,1.87,0,135.0,913,456,0,18,6,0,23,1516.0
2544.4,78.7,1.88,0,135.0,913,456,0,18,6,0,24,1516.0
2549.4,78.7,2.18,0,135.0,915,457,0,18,6,0,24,1516.0
2554.4,78.7,3.43,0,135.0,917,458,0,18,6,0,24,1516.0
2559.4,78.6,2.19,0,135.0,919,459,0,18,6,0,24,1516.0
2564.5,78.6,1.56,0,135.0,921,460,0,18,6,0,24,1516.0
2569.5,78.6,0.93,0,135.0,923,461,0,18,6,0,24,1516.0
2574.5,78.6,1.25,0,135.0,925,462,0,18,6,0,24,1516.0
2579.5,78.5,1.88,0,135.0,927,463,0,18,6,0,24,1516.0
2584.5,78.7,2.18,0,135.0,927,463,0,18,6,0,24,1516.0
2589.5,78.4,0.93,0,135.0,929,464,0,18,6,0,24,1516.0
2594.5,78.3,0.94,0,135.0,931,465,0,18,6,0,24,1516.0
2599.5,78.3,1.25,0,135.0,933,466,0,18,6,0,24,1516.0
2604.5,78.3,1.88,0,135.0,935,467,0,18,6,0,24,1516.0
2609.5,80.9,3.12,0,135.0,937,468,0,18,6,0,24,1516.0
2614.5,78.4,2.19,0,135.0,937,468,0,18,6,0,24,1516.0
2619.5,78.4,0.62,0,135.0,939,469,0,18,6,0,24,1516.0
2624.6,78.2,1.87,0,135.0,943,471,0,18,6,0,24,1516.0
2629.6,78.3,1.56,0,135.0,945,472,0,18,6,0,24,1516.0
2634.6,78.2,4.05,0,135.0,947,473,0,19,6,0,24,1516.0
2639.6,78.3,2.5,0,135.0,949,474,0,19,6,0,24,1516.0
2644.6,81.0,3.12,0,135.0,951,475,0,19,6,0,24,1516.0
2649.6,78.4,2.19,0,135.0,951,475,0,19,6,0,25,1516.0
2654.6,78.4,0.93,0,135.0,953,476,0,19,6,0,25,1516.0
2659.6,78.4,0.62,0,135.0,955,477,0,19,6,0,25,1516.0
2664.6,78.4,3.12,0,135.0,957,478,0,19,6,0,25,1516.0
2669.6,78.4,0.62,0,135.0,959,479,0,19,6,0,25,1516.0
2674.6,78.3,2.8,0,135.0,961,480,0,19,6,0,25,1516.0
2679.6,78.3,1.25,0,135.0,963,481,0,19,6,0,25,1516.0
2684.6,78.5,0.62,0,135.0,963,481,0,19,6,0,25,1516.0
2689.7,78.5,3.74,0,135.0,965,482,0,19,6,0,25,1516.0
2694.7,78.4,0.94,0,135.0,967,483,0,19,6,0,25,1516.0
2699.7,78.4,0.31,0,135.0,969,484,0,19,6,0,25,1516.0
2704.7,78.3,1.56,0,135.0,971,485,0,19,6,0,25,1516.0
2709.7,78.3,2.19,0,181.0,973,486,0,19,6,0,25,1516.0
2714.7,78.5,1.56,0,181.0,973,486,0,19,6,0,25,1516.0
2719.7,78.4,1.56,0,181.0,975,487,0,19,6,0,25,1516.0
2724.7,78.4,2.18,0,181.0,977,488,0,19,6,0,25,1516.0
2729.7,78.3,3.44,0,181.0,981,490,0,19,6,0,25,1516.0
2734.7,78.4,2.8,0,181.0,981,490,0,19,6,0,25,1516.0
2739.7,78.3,1.87,0,181.0,985,492,0,19,6,0,25,1516.0
2744.7,78.3,0.94,0,181.0,987,493,0,20,6,0,25,1516.0
2749.8,78.5,2.8,0,181.0,987,493,0,20,6,0,25,1516.0
2754.8,78.5,0.62,0,181.0,989,494,0,20,6,0,26,1516.0
2759.8,78.4,2.81,0,181.0,991,495,0,20,6,0,26,1516.0
2764.8,78.4,0.0,0,181.0,993,496,0,20,6,0,26,1516.0
2769.8,78.4,3.12,0,181.0,995,497,0,20,6,0,26,1516.0
2774.8,78.4,1.25,0,181.0,997,498,0,20,6,0,26,1516.0
2779.8,78.3,0.62,0,181.0,999,499,0,20,6,0,26,1516.0
2784.8,81.0,0.93,0,181.0,1001,500,0,20,6,0,26,1516.0
2789.8,78.5,0.0,0,181.0,1001,500,0,20,6,0,26,1516.0
2794.8,78.4,2.18,0,181.0,1003,501,0,20,6,0,26,1516.0
2799.8,78.4,0.62,0,181.0,1005,502,0,20,6,0,26,1516.0
2804.8,78.4,2.49,0,181.0,1007,503,0,20,6,0,26,1516.0
2809.8,78.3,3.75,0,181.0,1009,504,0,20,6,0,26,1516.0
2814.9,78.3,0.31,0,181.0,1011,505,0,20,6,0,26,1516.0
2819.9,78.5,1.56,0,181.0,1011,505,0,20,6,0,26,1516.0
2824.9,78.4,0.93,0,181.0,1013,506,0,20,6,0,26,1516.0
2829.9,78.4,0.94,0,181.0,1015,507,0,20,6,0,26,1516.0
2834.9,81.6,3.12,0,181.0,1019,509,0,20,6,0,26,1516.0
2839.9,78.4,1.25,0,181.0,1019,509,0,20,6,0,26,1516.0
2844.9,78.3,3.75,0,181.0,1023,511,0,20,6,0,26,1516.0
2849.9,78.3,1.56,0,181.0,1025,512,0,21,6,0,26,1516.0
2854.9,78.5,0.93,0,181.0,1025,512,0,21,6,0,26,1516.0
2859.9,78.5,2.19,0,181.0,1027,513,0,21,6,0,27,1516.0
2864.9,78.4,0.94,0,181.0,1029,514,0,21,6,0,27,1516.0
2870.0,78.4,1.87,0,181.0,1031,515,0,21,6,0,27,1516.0
2875.0,78.4,4.69,0,181.0,1033,516,0,21,6,0,27,1516.0
2880.0,78.4,1.87,0,181.0,1035,517,0,21,6,0,27,1516.0
2885.0,78.4,2.18,0,181.0,1037,518,0,21,6,0,27,1516.0
2890.0,78.5,0.62,0,181.0,1037,518,0,21,6,0,27,1516.0
2895.0,78.4,0.62,0,181.0,1039,519,0,21,6,0,27,1516.0
2900.0,78.3,2.19,0,181.0,1041,520,0,21,6,0,27,1516.0
2905.0,78.3,1.25,0,181.0,1043,521,0,21,6,0,27,1516.0
2910.0,78.3,0.94,0,181.0,1045,522,0,21,6,0,27,1516.0
2915.0,78.2,1.56,0,181.0,1047,523,0,21,6,0,27,1516.0
2920.0,78.4,0.94,0,181.0,1047,523,0,21,6,0,27,1516.0
2925.0,78.4,0.94,0,181.0,1049,524,0,21,6,0,27,1516.0
2930.0,78.3,3.44,0,181.0,1051,525,0,21,6,0,27,1516.0
2935.0,78.3,1.56,0,181.0,1053,526,0,21,6,0,27,1516.0
2940.0,78.3,2.18,0,181.0,1055,527,0,21,6,0,27,1516.0
2945.1,78.2,1.56,0,181.0,1057,528,0,21,6,0,27,1516.0
2950.1,81.2,4.69,0,181.0,1061,530,0,21,6,0,27,1516.0
2955.1,78.3,0.62,0,181.0,1061,530,0,21,7,0,27,1516.0
2960.1,78.4,1.25,0,181.0,1063,531,0,21,7,0,27,1516.0
2965.1,78.3,2.18,0,181.0,1065,532,0,21,7,0,28,1516.0
2970.1,78.3,0.93,0,181.0,1067,533,0,21,7,0,28,1516.0
2975.1,78.3,2.49,0,181.0,1069,534,0,21,7,0,28,1516.0
2980.1,78.2,5.94,0,181.0,1071,535,0,21,7,0,28,1516.0
2985.1,78.3,0.62,0,181.0,1073,536,0,21,7,0,28,1516.0
2990.1,80.9,2.18,0,181.0,1075,537,0,21,7,0,28,1516.0
2995.1,78.4,2.19,0,181.0,1075,537,0,21,7,0,28,1516.0
3000.2,78.4,2.8,0,181.0,1077,538,0,21,7,0,28,1516.0
3005.2,78.3,3.12,0,181.0,1079,539,0,21,7,0,28,1516.0
3010.2,78.3,1.56,0,181.0,1081,540,0,21,7,0,28,1516.0
3015.2,78.3,1.56,0,181.0,1083,541,0,21,7,0,28,1516.0
3020.2,78.2,1.56,0,181.0,1085,542,0,21,7,0,28,1516.0
3025.2,78.4,1.56,0,181.0,1085,542,0,21,7,0,28,1516.0
3030.2,78.4,2.8,0,181.0,1087,543,0,21,7,0,28,1516.0
3035.2,78.4,1.56,0,181.0,1089,544,0,21,7,0,28,1516.0
3040.2,78.3,0.94,0,181.0,1091,545,0,21,7,0,28,1516.0
3045.2,78.3,3.43,0,181.0,1093,546,0,21,7,0,28,1516.0
3050.2,78.3,3.43,0,181.0,1095,547,0,21,7,0,28,1516.0
3055.2,82.0,3.44,0,181.0,1099,549,0,21,7,0,28,1516.0
3060.3,78.3,1.56,0,181.0,1099,549,0,22,7,0,28,1516.0
3065.3,78.4,2.19,0,181.0,1101,550,0,22,7,0,28,1516.0
3070.3,78.4,0.62,0,181.0,1103,551,0,22,7,0,29,1516.0
3075.3,78.3,2.19,0,181.0,1105,552,0,22,7,0,29,1516.0
3080.3,78.3,2.19,0,181.0,1107,553,0,22,7,0,29,1516.0
3085.3,78.4,3.44,0,181.0,1109,554,0,22,7,0,29,1516.0
3090.3,80.9,1.87,0,181.0,1111,555,0,22,7,0,29,1516.0
3095.3,78.4,1.56,0,181.0,1111,555,0,22,7,0,29,1516.0
3100.3,78.4,1.56,0,181.0,1113,556,0,22,7,0,29,1516.0
3105.3,78.4,3.43,0,181.0,1115,557,0,22,7,0,29,1516.0
3110.3,78.3,0.94,0,181.0,1117,558,0,22,7,0,29,1516.0
3115.3,78.3,0.93,0,181.0,1119,559,0,22,7,0,29,1516.0
3120.3,78.3,1.25,0,181.0,1121,560,0,22,7,0,29,1516.0
3125.4,78.4,1.56,0,181.0,1121,560,0,22,7,0,29,1516.0
3130.4,78.4,1.25,0,181.0,1123,561,0,22,7,0,29,1516.0
3135.4,78.4,1.25,0,181.0,1125,562,0,22,7,0,29,1516.0
3140.4,78.3,1.25,0,181.0,1127,563,0,22,7,0,29,1516.0
3145.4,78.3,0.31,0,181.0,1129,564,0,22,7,0,29,1516.0
3150.4,78.3,0.31,0,181.0,1131,565,0,22,7,0,29,1516.0
3155.4,78.2,2.19,0,181.0,1133,566,0,22,7,0,29,1516.0
3160.4,78.3,1.56,0,181.0,1135,567,0,22,7,0,29,1516.0
3165.4,78.3,2.49,0,181.0,1137,568,0,23,7,0,29,1516.0
3170.4,78.4,1.25,0,181.0,1139,569,0,23,7,0,29,1516.0
3175.4,78.4,0.62,0,181.0,1141,570,0,23,7,0,30,1516.0
3180.4,78.3,1.56,0,181.0,1143,571,0,23,7,0,30,1516.0
3185.5,78.3,1.56,0,181.0,1145,572,0,23,7,0,30,1516.0
3190.5,78.4,3.12,0,181.0,1147,573,0,23,7,0,30,1516.0
3195.5,78.8,1.56,2,181.0,1149,574,0,23,7,0,30,1516.0
3200.5,76.4,1.56,0,181.0,1149,574,0,23,7,0,30,1516.0
3205.5,76.4,1.25,0,181.0,1151,575,0,23,7,0,30,1516.0
3210.5,76.3,2.5,0,181.0,1153,576,0,23,7,0,30,1516.0
3215.5,76.3,1.56,0,181.0,1155,577,0,23,7,0,30,1516.0
3220.5,76.2,0.93,0,181.0,1157,578,0,23,7,0,30,1516.0
3225.5,78.9,0.94,2,181.0,1159,579,0,23,7,0,30,1516.0
3230.5,76.4,1.87,0,181.0,1159,579,0,23,7,0,30,1516.0
3235.5,76.3,0.0,0,181.0,1161,580,0,23,7,0,30,1516.0
3240.6,76.3,0.62,0,181.0,1163,581,0,23,7,0,30,1516.0
3245.6,76.3,1.56,0,181.0,1165,582,0,23,7,0,30,1516.0
3250.6,76.2,0.94,0,181.0,1167,583,0,23,7,0,30,1516.0
3255.6,78.9,1.56,0,181.0,1169,584,0,23,7,0,30,1516.0
3260.6,76.2,3.43,0,181.0,1171,585,0,23,7,0,30,1516.0
3265.6,76.3,1.56,0,181.0,1173,586,0,23,7,0,30,1516.0
3270.6,76.3,3.43,0,181.0,1175,587,0,24,7,0,30,1516.0
3275.6,76.3,0.94,0,181.0,1177,588,0,24,7,0,30,1516.0
3280.6,76.3,1.56,0,181.0,1179,589,0,24,7,0,31,1516.0
3285.6,76.2,1.88,0,181.0,1181,590,0,24,7,0,31,1516.0
3290.6,76.4,0.62,0,181.0,1181,590,0,24,7,0,31,1516.0
3295.6,81.5,3.43,0,181.0,1185,592,0,24,7,0,31,1516.0
3300.6,76.4,0.62,0,181.0,1185,592,0,24,7,0,31,1516.0
3305.6,76.4,0.93,0,181.0,1187,593,0,24,7,0,31,1516.0
3310.7,76.3,0.62,0,181.0,1189,594,0,24,7,0,31,1516.0
3315.7,76.3,1.25,0,181.0,1191,595,0,24,7,0,31,1516.0
3320.7,76.3,1.25,0,181.0,1193,596,0,24,7,0,31,1516.0
3325.7,78.9,1.56,0,181.0,1195,597,0,24,7,0,31,1516.0
3330.7,76.4,2.19,0,181.0,1195,597,0,24,7,0,31,1516.0
3335.7,76.4,1.25,0,181.0,1197,598,0,24,7,0,31,1516.0
3340.7,76.3,2.19,0,181.0,1199,599,0,24,7,0,31,1516.0
3345.7,76.3,2.19,0,181.0,1201,600,0,24,7,0,31,1516.0
3350.7,76.3,1.87,0,181.0,1203,601,0,24,7,0,31,1516.0
3355.7,76.2,1.87,0,181.0,1205,602,0,24,7,0,31,1516.0
3360.8,76.4,1.87,0,181.0,1205,602,0,24,7,0,31,1516.0
3365.8,76.2,3.12,0,181.0,1209,604,0,24,7,0,31,1516.0
3370.8,76.3,1.87,0,181.0,1211,605,0,24,7,0,31,1516.0
3375.8,76.2,4.06,0,181.0,1213,606,0,24,8,0,31,1516.0
3380.8,76.3,1.56,0,181.0,1215,607,0,24,8,0,31,1516.0
3385.8,76.3,1.25,0,181.0,1217,608,0,24,8,0,31,1516.0
3390.8,78.9,3.44,0,181.0,1219,609,0,24,8,0,32,1516.0
3395.8,76.4,2.19,0,181.0,1219,609,0,24,8,0,32,1516.0
3400.8,76.4,0.31,0,181.0,1221,610,0,24,8,0,32,1516.0
3405.8,76.3,3.43,0,181.0,1223,611,0,24,8,0,32,1516.0
3410.8,76.4,0.93,0,181.0,1225,612,0,24,8,0,32,1516.0
3415.8,76.3,1.56,0,181.0,1227,613,0,24,8,0,32,1516.0
3420.8,76.3,1.25,0,181.0,1229,614,0,24,8,0,32,1516.0
3425.9,78.9,0.62,0,181.0,1231,615,0,24,8,0,32,1516.0
3430.9,76.4,1.56,0,181.0,1231,615,0,24,8,0,32,1516.0
3435.9,76.4,3.43,0,181.0,1233,616,0,24,8,0,32,1516.0
3440.9,76.4,0.94,0,181.0,1235,617,0,24,8,0,32,1516.0
3445.9,76.3,1.56,0,181.0,1237,618,0,24,8,0,32,1516.0
3450.9,76.3,1.88,0,181.0,1239,619,0,24,8,0,32,1516.0
3455.9,76.3,1.25,0,181.0,1241,620,0,24,8,0,32,1516.0
3460.9,76.4,1.88,0,181.0,1241,620,0,24,8,0,32,1516.0
3465.9,76.4,1.56,0,181.0,1243,621,0,24,8,0,32,1516.0
3470.9,76.2,3.43,0,181.0,1247,623,0,24,8,0,32,1516.0
3475.9,78.8,1.56,0,181.0,1249,624,0,24,8,0,32,1516.0
3480.9,76.2,3.12,0,181.0,1251,625,0,25,8,0,32,1516.0
3486.0,76.3,0.93,0,181.0,1253,626,0,25,8,0,32,1516.0
3491.0,76.3,2.19,0,181.0,1255,627,0,25,8,0,32,1516.0
3496.0,74.6,0.94,0,181.0,1255,627,0,25,8,0,33,1516.0
3501.0,74.6,1.25,0,181.0,1257,628,0,25,8,0,33,1516.0
3506.0,74.6,1.87,0,181.0,1259,629,0,25,8,0,33,1516.0
3511.0,74.5,4.38,0,181.0,1261,630,0,25,8,0,33,1516.0
3516.0,74.5,0.94,0,181.0,1263,631,0,25,8,0,33,1516.0
3521.0,74.5,2.18,0,181.0,1265,632,0,25,8,0,33,1516.0
3526.0,74.5,1.88,0,181.0,1267,633,0,25,8,0,33,1516.0
3531.0,77.1,2.49,0,181.0,1269,634,0,25,8,0,33,1516.0
3536.0,74.6,1.25,0,181.0,1269,634,0,25,8,0,33,1516.0
3541.0,74.6,1.88,0,181.0,1271,635,0,25,8,0,33,1516.0
3546.0,74.6,1.56,0,181.0,1273,636,0,25,8,0,33,1516.0
3551.0,74.5,0.62,0,181.0,1275,637,0,25,8,0,33,1516.0
3556.0,74.5,2.8,0,181.0,1277,638,0,25,8,0,33,1516.0
3561.0,74.4,0.62,0,181.0,1279,639,0,25,8,0,33,1516.0
3566.1,74.6,0.93,0,181.0,1279,639,0,25,8,0,33,1516.0
3571.1,74.6,2.18,0,181.0,1281,640,0,25,8,0,33,1516.0
3576.1,74.4,3.75,0,181.0,1285,642,0,25,8,0,33,1516.0
3581.1,77.0,1.87,0,181.0,1287,643,0,25,8,0,33,1516.0
3586.1,74.4,3.12,0,181.0,1289,644,0,26,8,0,33,1516.0
3591.1,74.5,0.93,0,181.0,1291,645,0,26,8,0,33,1516.0
3596.1,77.2,0.94,0,181.0,1293,646,0,26,8,0,33,1516.0
3600.9,75.8,3.58,1,181.0,1294,646,0,26,8,0,34,1516.0
