threshold,hangover_ms,segments,clean,split,merged,missed,false_trigger,cap_hits,median_duration_ms
450.0,350,19,1,10,46,0,0,16,6000.0
450.0,500,17,0,5,51,1,0,17,6000.0
450.0,700,17,0,5,51,1,0,17,6000.0
450.0,1000,17,0,5,51,1,0,17,6000.0
500.0,350,24,4,9,44,0,1,11,5640.0
500.0,500,21,2,8,47,0,1,15,6000.0
500.0,700,19,1,7,49,0,0,16,6000.0
500.0,1000,17,0,6,51,0,0,17,6000.0
600.0,350,33,12,3,42,0,2,5,2130.0
600.0,500,27,6,6,45,0,0,7,3240.0
600.0,700,21,0,11,46,0,0,13,6000.0
600.0,1000,19,1,9,47,0,0,16,6000.0
700.0,350,42,21,2,34,0,3,0,1740.0
700.0,500,32,13,4,40,0,0,6,2580.0
700.0,700,24,1,8,48,0,0,9,3870.0
700.0,1000,19,1,7,49,0,0,14,6000.0
800.0,350,50,32,2,23,0,5,0,1380.0
800.0,500,44,21,5,31,0,5,1,1680.0
800.0,700,29,5,9,43,0,2,7,2760.0
800.0,1000,21,0,9,48,0,1,12,6000.0
1000.0,350,55,40,2,15,0,5,0,1290.0
1000.0,500,47,30,0,27,0,5,0,1470.0
1000.0,700,33,11,8,38,0,2,4,2520.0
1000.0,1000,23,2,9,46,0,1,11,5250.0
